[{
	"customerid": "1",
	"customername": "client_mca",
	"publickey": "8D011A65-641C-428F-A2AE-CEF944FD164E",
	"secretkey": "82001E56-3D43-4632-87EA-7C26780E9DAE",
	"clientid": "trn:tesco:cid:9fe1f09d-9a78-4c1c-b54f-1aa7fc01824d:04427f1f-f19f-48bb-90a5-22d9889fa155"
}, {
	"customerid": "2",
	"customername": "client_mobile",
	"publickey": "2C9E4EBF-FECB-41B7-9FDD-BDFCA968DDC7",
	"secretkey": "B8A93057-3A9C-4938-BA71-A2518BF9FC44",
	"clientid": "trn:tesco:cid:8c982cf0-33a8-4439-9483-59a43da1f7bc:8868d4f4-5408-44c2-84c6-43d8800a78be"
}]